plaka,bolge,il,ilce
1,AKDENİZ,ADANA,ALADAĞ
1,AKDENİZ,ADANA,CEYHAN
1,AKDENİZ,ADANA,ÇUKUROVA
1,AKDENİZ,ADANA,FEKE
1,AKDENİZ,ADANA,İMAMOĞLU
1,AKDENİZ,ADANA,KARAİSALI
1,AKDENİZ,ADANA,KARATAŞ
1,AKDENİZ,ADANA,KOZAN
1,AKDENİZ,ADANA,POZANTI
1,AKDENİZ,ADANA,SAİMBEYLİ
1,AKDENİZ,ADANA,SARIÇAM
1,AKDENİZ,ADANA,SEYHAN
1,AKDENİZ,ADANA,TUFANBEYLİ
1,AKDENİZ,ADANA,YUMURTALIK
1,AKDENİZ,ADANA,YÜREĞİR
2,GÜNEYDOĞU ANADOLU,ADIYAMAN,BESNİ
2,GÜNEYDOĞU ANADOLU,ADIYAMAN,ÇELİKHAN
2,GÜNEYDOĞU ANADOLU,ADIYAMAN,GERGER
2,GÜNEYDOĞU ANADOLU,ADIYAMAN,GÖLBAŞI
2,GÜNEYDOĞU ANADOLU,ADIYAMAN,KAHTA
2,GÜNEYDOĞU ANADOLU,ADIYAMAN,SAMSAT
2,GÜNEYDOĞU ANADOLU,ADIYAMAN,SİNCİK
2,GÜNEYDOĞU ANADOLU,ADIYAMAN,TUT
3,EGE,AFYONKARAHİSAR,BAŞMAKÇI
3,EGE,AFYONKARAHİSAR,BAYAT
3,EGE,AFYONKARAHİSAR,BOLVADİN
3,EGE,AFYONKARAHİSAR,ÇAY
3,EGE,AFYONKARAHİSAR,ÇOBANLAR
3,EGE,AFYONKARAHİSAR,DAZKIRI
3,EGE,AFYONKARAHİSAR,DİNAR
3,EGE,AFYONKARAHİSAR,EMİRDAĞ
3,EGE,AFYONKARAHİSAR,EVCİLER
3,EGE,AFYONKARAHİSAR,HOCALAR
3,EGE,AFYONKARAHİSAR,İHSANİYE
3,EGE,AFYONKARAHİSAR,İSCEHİSAR
3,EGE,AFYONKARAHİSAR,KIZILÖREN
3,EGE,AFYONKARAHİSAR,SANDIKLI
3,EGE,AFYONKARAHİSAR,SİNANPAŞA
3,EGE,AFYONKARAHİSAR,SULTANDAĞI
3,EGE,AFYONKARAHİSAR,ŞUHUT
4,DOĞU ANADOLU,AĞRI,DİYADİN
4,DOĞU ANADOLU,AĞRI,DOĞUBAYAZIT
4,DOĞU ANADOLU,AĞRI,ELEŞKİRT
4,DOĞU ANADOLU,AĞRI,HAMUR
4,DOĞU ANADOLU,AĞRI,PATNOS
4,DOĞU ANADOLU,AĞRI,TAŞLIÇAY
4,DOĞU ANADOLU,AĞRI,TUTA
5,KARADENİZ,AMASYA,GÖYNÜCEK
5,KARADENİZ,AMASYA,GÜMÜŞHACIKÖY
5,KARADENİZ,AMASYA,HAMAMÖZÜ
5,KARADENİZ,AMASYA,MERZİFON
5,KARADENİZ,AMASYA,SULUOVA
5,KARADENİZ,AMASYA,TAŞOVA
6,İÇ ANADOLU,ANKARA,AKYURT
6,İÇ ANADOLU,ANKARA,ALTINDAĞ
6,İÇ ANADOLU,ANKARA,AYAŞ
6,İÇ ANADOLU,ANKARA,BALA
6,İÇ ANADOLU,ANKARA,BEYPAZARI
6,İÇ ANADOLU,ANKARA,ÇAMLIDERE
6,İÇ ANADOLU,ANKARA,ÇANKAYA
6,İÇ ANADOLU,ANKARA,ÇUBUK
6,İÇ ANADOLU,ANKARA,ELMADAĞ
6,İÇ ANADOLU,ANKARA,ETİMESGUT
6,İÇ ANADOLU,ANKARA,EVREN
6,İÇ ANADOLU,ANKARA,GÖLBAŞI
6,İÇ ANADOLU,ANKARA,GÜDÜL
6,İÇ ANADOLU,ANKARA,HAYMANA
6,İÇ ANADOLU,ANKARA,KALECİK
6,İÇ ANADOLU,ANKARA,KAZAN
6,İÇ ANADOLU,ANKARA,KEÇİÖREN
6,İÇ ANADOLU,ANKARA,KIZILCAHAMAM
6,İÇ ANADOLU,ANKARA,MAMAK
6,İÇ ANADOLU,ANKARA,NALLIHAN
6,İÇ ANADOLU,ANKARA,POLATLI
6,İÇ ANADOLU,ANKARA,PURSAKLAR
6,İÇ ANADOLU,ANKARA,SİNCAN
6,İÇ ANADOLU,ANKARA,ŞEREFLİKOÇHİSAR
6,İÇ ANADOLU,ANKARA,YENİMAHALLE
7,AKDENİZ,ANTALYA,AKSEKİ
7,AKDENİZ,ANTALYA,AKSU
7,AKDENİZ,ANTALYA,ALANYA
7,AKDENİZ,ANTALYA,DEMRE
7,AKDENİZ,ANTALYA,DÖŞEMEALTI
7,AKDENİZ,ANTALYA,ELMALI
7,AKDENİZ,ANTALYA,FİNİKE
7,AKDENİZ,ANTALYA,GAZİPAŞA
7,AKDENİZ,ANTALYA,GÜNDOĞMUŞ
7,AKDENİZ,ANTALYA,İBRADI
7,AKDENİZ,ANTALYA,KAŞ
7,AKDENİZ,ANTALYA,KEMER
7,AKDENİZ,ANTALYA,KEPEZ
7,AKDENİZ,ANTALYA,KONYAALTI
7,AKDENİZ,ANTALYA,KORKUTELİ
7,AKDENİZ,ANTALYA,KUMLUCA
7,AKDENİZ,ANTALYA,MANAVGAT
7,AKDENİZ,ANTALYA,MURATPAŞA
7,AKDENİZ,ANTALYA,SERİK
8,KARADENİZ,ARTVİN,ARDANUÇ
8,KARADENİZ,ARTVİN,ARHAVİ
8,KARADENİZ,ARTVİN,BORÇKA
8,KARADENİZ,ARTVİN,HOPA
8,KARADENİZ,ARTVİN,MURGUL
8,KARADENİZ,ARTVİN,ŞAVŞAT
8,KARADENİZ,ARTVİN,YUSUFELİ
9,EGE,AYDIN,BOZDOĞAN
9,EGE,AYDIN,BUHARKENT
9,EGE,AYDIN,ÇİNE
9,EGE,AYDIN,DİDİM
9,EGE,AYDIN,GERMENCİK
9,EGE,AYDIN,İNCİRLİOVA
9,EGE,AYDIN,KARACASU
9,EGE,AYDIN,KARPUZLU
9,EGE,AYDIN,KOÇARLI
9,EGE,AYDIN,KÖŞK
9,EGE,AYDIN,KUŞADASI
9,EGE,AYDIN,KUYUCAK
9,EGE,AYDIN,NAZİLLİ
9,EGE,AYDIN,SÖKE
9,EGE,AYDIN,SULTANHİSAR
9,EGE,AYDIN,YENİPAZAR
10,MARMARA,BALIKESİR,AYVALIK
10,MARMARA,BALIKESİR,BALYA
10,MARMARA,BALIKESİR,BANDIRMA
10,MARMARA,BALIKESİR,BİGADİÇ
10,MARMARA,BALIKESİR,BURHANİYE
10,MARMARA,BALIKESİR,DURSUNBEY
10,MARMARA,BALIKESİR,EDREMİT
10,MARMARA,BALIKESİR,ERDEK
10,MARMARA,BALIKESİR,GÖMEÇ
10,MARMARA,BALIKESİR,GÖNEN
10,MARMARA,BALIKESİR,HAVRAN
10,MARMARA,BALIKESİR,İVRİNDİ
10,MARMARA,BALIKESİR,KEPSUT
10,MARMARA,BALIKESİR,MANYAS
10,MARMARA,BALIKESİR,MARMARA
10,MARMARA,BALIKESİR,SAVAŞTEPE
10,MARMARA,BALIKESİR,SINDIRGI
10,MARMARA,BALIKESİR,SUSURLUK
11,MARMARA,BİLECİK,BOZÜYÜK
11,MARMARA,BİLECİK,GÖLPAZARI
11,MARMARA,BİLECİK,İNHİSAR
11,MARMARA,BİLECİK,OSMANELİ
11,MARMARA,BİLECİK,PAZARYERİ
11,MARMARA,BİLECİK,SÖĞÜT
11,MARMARA,BİLECİK,YENİPAZAR
12,DOĞU ANADOLU,BİNGÖL,ADAKLI
12,DOĞU ANADOLU,BİNGÖL,GENÇ
12,DOĞU ANADOLU,BİNGÖL,KARLIOVA
12,DOĞU ANADOLU,BİNGÖL,KİĞI
12,DOĞU ANADOLU,BİNGÖL,SOLHAN
12,DOĞU ANADOLU,BİNGÖL,YAYLADERE
12,DOĞU ANADOLU,BİNGÖL,YEDİSU
13,DOĞU ANADOLU,BİTLİS,ADİLCEVAZ
13,DOĞU ANADOLU,BİTLİS,AHLAT
13,DOĞU ANADOLU,BİTLİS,GÜROYMAK
13,DOĞU ANADOLU,BİTLİS,HİZAN
13,DOĞU ANADOLU,BİTLİS,MUTKİ
13,DOĞU ANADOLU,BİTLİS,TATVAN
14,KARADENİZ,BOLU,DÖRTDİVAN
14,KARADENİZ,BOLU,GEREDE
14,KARADENİZ,BOLU,GÖYNÜK
14,KARADENİZ,BOLU,KIBRISCIK
14,KARADENİZ,BOLU,MENGEN
14,KARADENİZ,BOLU,MUDURNU
14,KARADENİZ,BOLU,SEBEN
14,KARADENİZ,BOLU,YENİÇAĞA
15,AKDENİZ,BURDUR,AĞLASUN
15,AKDENİZ,BURDUR,ALTINYAYLA
15,AKDENİZ,BURDUR,BUCAK
15,AKDENİZ,BURDUR,ÇAVDIR
15,AKDENİZ,BURDUR,ÇELTİKÇİ
15,AKDENİZ,BURDUR,GÖLHİSAR
15,AKDENİZ,BURDUR,KARAMANLI
15,AKDENİZ,BURDUR,KEMER
15,AKDENİZ,BURDUR,TEFENNİ
15,AKDENİZ,BURDUR,YEŞİLOVA
16,MARMARA,BURSA,BÜYÜKORHAN
16,MARMARA,BURSA,GEMLİK
16,MARMARA,BURSA,GÜRSU
16,MARMARA,BURSA,HARMANCIK
16,MARMARA,BURSA,İNEGÖL
16,MARMARA,BURSA,İZNİK
16,MARMARA,BURSA,KARACABEY
16,MARMARA,BURSA,KELES
16,MARMARA,BURSA,KESTEL
16,MARMARA,BURSA,MUDANYA
16,MARMARA,BURSA,MUSTAFAKEMALPAŞA
16,MARMARA,BURSA,NİLÜFER
16,MARMARA,BURSA,ORHANELİ
16,MARMARA,BURSA,ORHANGAZİ
16,MARMARA,BURSA,OSMANGAZİ
16,MARMARA,BURSA,YENİŞEHİR
16,MARMARA,BURSA,YILDIRIM
17,MARMARA,ÇANAKKALE,AYVACIK
17,MARMARA,ÇANAKKALE,BAYRAMİÇ
17,MARMARA,ÇANAKKALE,BİGA
17,MARMARA,ÇANAKKALE,BOZCAADA
17,MARMARA,ÇANAKKALE,ÇAN
17,MARMARA,ÇANAKKALE,ECEABAT
17,MARMARA,ÇANAKKALE,EZİNE
17,MARMARA,ÇANAKKALE,GELİBOLU
17,MARMARA,ÇANAKKALE,İMROZ
17,MARMARA,ÇANAKKALE,LAPSEKİ
17,MARMARA,ÇANAKKALE,YENİCE
18,İÇ ANADOLU,ÇANKIRI,ATKARACALAR
18,İÇ ANADOLU,ÇANKIRI,BAYRAMÖREN
18,İÇ ANADOLU,ÇANKIRI,ÇERKEŞ
18,İÇ ANADOLU,ÇANKIRI,ELDİVAN
18,İÇ ANADOLU,ÇANKIRI,ILGAZ
18,İÇ ANADOLU,ÇANKIRI,KIZILIRMAK
18,İÇ ANADOLU,ÇANKIRI,KORGUN
18,İÇ ANADOLU,ÇANKIRI,KURŞUNLU
18,İÇ ANADOLU,ÇANKIRI,ORTA
18,İÇ ANADOLU,ÇANKIRI,ŞABANÖZÜ
18,İÇ ANADOLU,ÇANKIRI,YAPRAKLI
19,KARADENİZ,ÇORUM,ALACA
19,KARADENİZ,ÇORUM,BAYAT
19,KARADENİZ,ÇORUM,BOĞAZKALE
19,KARADENİZ,ÇORUM,DODURGA
19,KARADENİZ,ÇORUM,İSKİLİP
19,KARADENİZ,ÇORUM,KARGI
19,KARADENİZ,ÇORUM,LAÇİN
19,KARADENİZ,ÇORUM,MECİTÖZÜ
19,KARADENİZ,ÇORUM,OĞUZLAR
19,KARADENİZ,ÇORUM,ORTAKÖY
19,KARADENİZ,ÇORUM,OSMANCIK
19,KARADENİZ,ÇORUM,SUNGURLU
19,KARADENİZ,ÇORUM,UĞURLUDAĞ
20,EGE,DENİZLİ,ACIPAYAM
20,EGE,DENİZLİ,PAMUKKALE
20,EGE,DENİZLİ,BABADAĞ
20,EGE,DENİZLİ,BAKLAN
20,EGE,DENİZLİ,BEKİLLİ
20,EGE,DENİZLİ,BEYAĞAÇ
20,EGE,DENİZLİ,BOZKURT
20,EGE,DENİZLİ,BULDAN
20,EGE,DENİZLİ,ÇAL
20,EGE,DENİZLİ,ÇAMELİ
20,EGE,DENİZLİ,ÇARDAK
20,EGE,DENİZLİ,ÇİVRİL
20,EGE,DENİZLİ,GÜNEY
20,EGE,DENİZLİ,HONAZ
20,EGE,DENİZLİ,KALE
20,EGE,DENİZLİ,SARAYKÖY
20,EGE,DENİZLİ,SERİNHİSAR
20,EGE,DENİZLİ,TAVAS
21,GÜNEYDOĞU ANADOLU,DİYARBAKIR,BAĞLAR
21,GÜNEYDOĞU ANADOLU,DİYARBAKIR,BİSMİL
21,GÜNEYDOĞU ANADOLU,DİYARBAKIR,ÇERMİK
21,GÜNEYDOĞU ANADOLU,DİYARBAKIR,ÇINAR
21,GÜNEYDOĞU ANADOLU,DİYARBAKIR,ÇÜNGÜŞ
21,GÜNEYDOĞU ANADOLU,DİYARBAKIR,DİCLE
21,GÜNEYDOĞU ANADOLU,DİYARBAKIR,EĞİL
21,GÜNEYDOĞU ANADOLU,DİYARBAKIR,ERGANİ
21,GÜNEYDOĞU ANADOLU,DİYARBAKIR,HANİ
21,GÜNEYDOĞU ANADOLU,DİYARBAKIR,HAZRO
21,GÜNEYDOĞU ANADOLU,DİYARBAKIR,KAYAPINAR
21,GÜNEYDOĞU ANADOLU,DİYARBAKIR,KOCAKÖY
21,GÜNEYDOĞU ANADOLU,DİYARBAKIR,KULP
21,GÜNEYDOĞU ANADOLU,DİYARBAKIR,LİCE
21,GÜNEYDOĞU ANADOLU,DİYARBAKIR,SİLVAN
21,GÜNEYDOĞU ANADOLU,DİYARBAKIR,SUR
21,GÜNEYDOĞU ANADOLU,DİYARBAKIR,YENİŞEHİR
22,MARMARA,EDİRNE,ENEZ
22,MARMARA,EDİRNE,HAVSA
22,MARMARA,EDİRNE,İPSALA
22,MARMARA,EDİRNE,KEŞAN
22,MARMARA,EDİRNE,LALAPAŞA
22,MARMARA,EDİRNE,MERİÇ
22,MARMARA,EDİRNE,SÜLOĞLU
22,MARMARA,EDİRNE,UZUNKÖPRÜ
23,DOĞU ANADOLU,ELAZIĞ,AĞIN
23,DOĞU ANADOLU,ELAZIĞ,ALACAKAYA
23,DOĞU ANADOLU,ELAZIĞ,ARICAK
23,DOĞU ANADOLU,ELAZIĞ,BASKİL
23,DOĞU ANADOLU,ELAZIĞ,KARAKOÇAN
23,DOĞU ANADOLU,ELAZIĞ,KEBAN
23,DOĞU ANADOLU,ELAZIĞ,KOVANCILAR
23,DOĞU ANADOLU,ELAZIĞ,MADEN
23,DOĞU ANADOLU,ELAZIĞ,PALU
23,DOĞU ANADOLU,ELAZIĞ,SİVRİCE
24,DOĞU ANADOLU,ERZİNCAN,ÇAYIRLI
24,DOĞU ANADOLU,ERZİNCAN,İLİÇ
24,DOĞU ANADOLU,ERZİNCAN,KEMAH
24,DOĞU ANADOLU,ERZİNCAN,KEMALİYE
24,DOĞU ANADOLU,ERZİNCAN,OTLUKBELİ
24,DOĞU ANADOLU,ERZİNCAN,REFAHİYE
24,DOĞU ANADOLU,ERZİNCAN,TERCAN
24,DOĞU ANADOLU,ERZİNCAN,ÜZÜMLÜ
25,DOĞU ANADOLU,ERZURUM,AŞKALE
25,DOĞU ANADOLU,ERZURUM,AZİZİYE
25,DOĞU ANADOLU,ERZURUM,ÇAT
25,DOĞU ANADOLU,ERZURUM,HINIS
25,DOĞU ANADOLU,ERZURUM,HORASAN
25,DOĞU ANADOLU,ERZURUM,İSPİR
25,DOĞU ANADOLU,ERZURUM,KARAÇOBAN
25,DOĞU ANADOLU,ERZURUM,KARAYAZI
25,DOĞU ANADOLU,ERZURUM,KÖPRÜKÖY
25,DOĞU ANADOLU,ERZURUM,NARMAN
25,DOĞU ANADOLU,ERZURUM,OLTU
25,DOĞU ANADOLU,ERZURUM,OLUR
25,DOĞU ANADOLU,ERZURUM,PALANDÖKEN
25,DOĞU ANADOLU,ERZURUM,PASİNLER
25,DOĞU ANADOLU,ERZURUM,PAZARYOLU
25,DOĞU ANADOLU,ERZURUM,ŞENKAYA
25,DOĞU ANADOLU,ERZURUM,TEKMAN
25,DOĞU ANADOLU,ERZURUM,TORTUM
25,DOĞU ANADOLU,ERZURUM,UZUNDERE
25,DOĞU ANADOLU,ERZURUM,YAKUTİYE
26,İÇ ANADOLU,ESKİŞEHİR,ALPU
26,İÇ ANADOLU,ESKİŞEHİR,BEYLİKOVA
26,İÇ ANADOLU,ESKİŞEHİR,ÇİFTELER
26,İÇ ANADOLU,ESKİŞEHİR,GÜNYÜZÜ
26,İÇ ANADOLU,ESKİŞEHİR,HAN
26,İÇ ANADOLU,ESKİŞEHİR,İNÖNÜ
26,İÇ ANADOLU,ESKİŞEHİR,MAHMUDİYE
26,İÇ ANADOLU,ESKİŞEHİR,MİHALGAZİ
26,İÇ ANADOLU,ESKİŞEHİR,MİHALIÇÇIK
26,İÇ ANADOLU,ESKİŞEHİR,ODUNPAZARI
26,İÇ ANADOLU,ESKİŞEHİR,SARICAKAYA
26,İÇ ANADOLU,ESKİŞEHİR,SEYİTGAZİ
26,İÇ ANADOLU,ESKİŞEHİR,SİVRİHİSAR
26,İÇ ANADOLU,ESKİŞEHİR,TEPEBAŞI
27,GÜNEYDOĞU ANADOLU,GAZİANTEP,ARABAN
27,GÜNEYDOĞU ANADOLU,GAZİANTEP,İSLAHİYE
27,GÜNEYDOĞU ANADOLU,GAZİANTEP,KARKAMIŞ
27,GÜNEYDOĞU ANADOLU,GAZİANTEP,NİZİP
27,GÜNEYDOĞU ANADOLU,GAZİANTEP,NURDAĞI
27,GÜNEYDOĞU ANADOLU,GAZİANTEP,OĞUZELİ
27,GÜNEYDOĞU ANADOLU,GAZİANTEP,ŞAHİNBEY
27,GÜNEYDOĞU ANADOLU,GAZİANTEP,ŞEHİTKAMİL
27,GÜNEYDOĞU ANADOLU,GAZİANTEP,YAVUZELİ
28,KARADENİZ,GİRESUN,ALUCRA
28,KARADENİZ,GİRESUN,BULANCAK
28,KARADENİZ,GİRESUN,ÇAMOLUK
28,KARADENİZ,GİRESUN,ÇANAKÇI
28,KARADENİZ,GİRESUN,DERELİ
28,KARADENİZ,GİRESUN,DOĞANKENT
28,KARADENİZ,GİRESUN,ESPİYE
28,KARADENİZ,GİRESUN,EYNESİL
28,KARADENİZ,GİRESUN,GÖRELE
28,KARADENİZ,GİRESUN,GÜCE
28,KARADENİZ,GİRESUN,KEŞAP
28,KARADENİZ,GİRESUN,PİRAZİZ
28,KARADENİZ,GİRESUN,ŞEBİNKARAHİSAR
28,KARADENİZ,GİRESUN,TİREBOLU
28,KARADENİZ,GİRESUN,YAĞLIDERE
29,KARADENİZ,GÜMÜŞHANE,KELKİT
29,KARADENİZ,GÜMÜŞHANE,KÖSE
29,KARADENİZ,GÜMÜŞHANE,KÜRTÜN
29,KARADENİZ,GÜMÜŞHANE,ŞİRAN
29,KARADENİZ,GÜMÜŞHANE,TORUL
30,DOĞU ANADOLU,HAKKARİ,ÇUKURCA
30,DOĞU ANADOLU,HAKKARİ,ŞEMDİNLİ
30,DOĞU ANADOLU,HAKKARİ,YÜKSEKOVA
31,AKDENİZ,HATAY,ALTINÖZÜ
31,AKDENİZ,HATAY,BELEN
31,AKDENİZ,HATAY,DÖRTYOL
31,AKDENİZ,HATAY,ERZİN
31,AKDENİZ,HATAY,HASSA
31,AKDENİZ,HATAY,İSKENDERUN
31,AKDENİZ,HATAY,KIRIKHAN
31,AKDENİZ,HATAY,KUMLU
31,AKDENİZ,HATAY,REYHANLI
31,AKDENİZ,HATAY,SAMANDAĞ
31,AKDENİZ,HATAY,YAYLADAĞI
32,AKDENİZ,ISPARTA,AKSU
32,AKDENİZ,ISPARTA,ATABEY
32,AKDENİZ,ISPARTA,EĞİRDİR
32,AKDENİZ,ISPARTA,GELENDOST
32,AKDENİZ,ISPARTA,GÖNEN
32,AKDENİZ,ISPARTA,KEÇİBORLU
32,AKDENİZ,ISPARTA,SENİRKENT
32,AKDENİZ,ISPARTA,SÜTÇÜLER
32,AKDENİZ,ISPARTA,ŞARKİKARAAĞAÇ
32,AKDENİZ,ISPARTA,ULUBORLU
32,AKDENİZ,ISPARTA,YALVAÇ
32,AKDENİZ,ISPARTA,YENİŞARBADEMLİ
33,AKDENİZ,MERSİN,AKDENİZ
33,AKDENİZ,MERSİN,ANAMUR
33,AKDENİZ,MERSİN,AYDINCIK
33,AKDENİZ,MERSİN,BOZYAZI
33,AKDENİZ,MERSİN,ÇAMLIYAYLA
33,AKDENİZ,MERSİN,ERDEMLİ
33,AKDENİZ,MERSİN,GÜLNAR
33,AKDENİZ,MERSİN,MEZİTLİ
33,AKDENİZ,MERSİN,MUT
33,AKDENİZ,MERSİN,SİLİFKE
33,AKDENİZ,MERSİN,TARSUS
33,AKDENİZ,MERSİN,TOROSLAR
33,AKDENİZ,MERSİN,YENİŞEHİR
34,MARMARA,İSTANBUL,ADALAR
34,MARMARA,İSTANBUL,ARNAVUTKÖY
34,MARMARA,İSTANBUL,ATAŞEHİR
34,MARMARA,İSTANBUL,AVCILAR
34,MARMARA,İSTANBUL,BAĞCILAR
34,MARMARA,İSTANBUL,BAHÇELİEVLER
34,MARMARA,İSTANBUL,BAKIRKÖY
34,MARMARA,İSTANBUL,BAŞAKŞEHİR
34,MARMARA,İSTANBUL,BAYRAMPAŞA
34,MARMARA,İSTANBUL,BEŞİKTAŞ
34,MARMARA,İSTANBUL,BEYKOZ
34,MARMARA,İSTANBUL,BEYLİKDÜZÜ
34,MARMARA,İSTANBUL,BEYOĞLU
34,MARMARA,İSTANBUL,BÜYÜKÇEKMECE
34,MARMARA,İSTANBUL,ÇATALCA
34,MARMARA,İSTANBUL,ÇEKMEKÖY
34,MARMARA,İSTANBUL,ESENLER
34,MARMARA,İSTANBUL,ESENYURT
34,MARMARA,İSTANBUL,EYÜP
34,MARMARA,İSTANBUL,FATİH
34,MARMARA,İSTANBUL,GAZİOSMANPAŞA
34,MARMARA,İSTANBUL,GÜNGÖREN
34,MARMARA,İSTANBUL,KADIKÖY
34,MARMARA,İSTANBUL,KAĞITHANE
34,MARMARA,İSTANBUL,KARTAL
34,MARMARA,İSTANBUL,KÜÇÜKÇEKMECE
34,MARMARA,İSTANBUL,MALTEPE
34,MARMARA,İSTANBUL,PENDİK
34,MARMARA,İSTANBUL,SANCAKTEPE
34,MARMARA,İSTANBUL,SARIYER
34,MARMARA,İSTANBUL,SİLİVRİ
34,MARMARA,İSTANBUL,SULTANBEYLİ
34,MARMARA,İSTANBUL,SULTANGAZİ
34,MARMARA,İSTANBUL,ŞİLE
34,MARMARA,İSTANBUL,ŞİŞLİ
34,MARMARA,İSTANBUL,TUZLA
34,MARMARA,İSTANBUL,ÜMRANİYE
34,MARMARA,İSTANBUL,ÜSKÜDAR
34,MARMARA,İSTANBUL,ZEYTİNBURNU
35,EGE,İZMİR,ALİAĞA
35,EGE,İZMİR,BALÇOVA
35,EGE,İZMİR,BAYINDIR
35,EGE,İZMİR,BAYRAKLI
35,EGE,İZMİR,BERGAMA
35,EGE,İZMİR,BEYDAĞ
35,EGE,İZMİR,BORNOVA
35,EGE,İZMİR,BUCA
35,EGE,İZMİR,ÇEŞME
35,EGE,İZMİR,ÇİĞLİ
35,EGE,İZMİR,DİKİLİ
35,EGE,İZMİR,FOÇA
35,EGE,İZMİR,GAZİEMİR
35,EGE,İZMİR,GÜZELBAHÇE
35,EGE,İZMİR,KARABAĞLAR
35,EGE,İZMİR,KARABURUN
35,EGE,İZMİR,KARŞIYAKA
35,EGE,İZMİR,KEMALPAŞA
35,EGE,İZMİR,KINIK
35,EGE,İZMİR,KİRAZ
35,EGE,İZMİR,KONAK
35,EGE,İZMİR,MENDERES
35,EGE,İZMİR,MENEMEN
35,EGE,İZMİR,NARLIDERE
35,EGE,İZMİR,ÖDEMİŞ
35,EGE,İZMİR,SEFERİHİSAR
35,EGE,İZMİR,SELÇUK
35,EGE,İZMİR,TİRE
35,EGE,İZMİR,TORBALI
35,EGE,İZMİR,URLA
36,DOĞU ANADOLU,KARS,AKYAKA
36,DOĞU ANADOLU,KARS,ARPAÇAY
36,DOĞU ANADOLU,KARS,DİGOR
36,DOĞU ANADOLU,KARS,KAĞIZMAN
36,DOĞU ANADOLU,KARS,SARIKAMIŞ
36,DOĞU ANADOLU,KARS,SELİM
36,DOĞU ANADOLU,KARS,SUSUZ
37,KARADENİZ,KASTAMONU,ABANA
37,KARADENİZ,KASTAMONU,AĞLI
37,KARADENİZ,KASTAMONU,ARAÇ
37,KARADENİZ,KASTAMONU,AZDAVAY
37,KARADENİZ,KASTAMONU,BOZKURT
37,KARADENİZ,KASTAMONU,CİDE
37,KARADENİZ,KASTAMONU,ÇATALZEYTİN
37,KARADENİZ,KASTAMONU,DADAY
37,KARADENİZ,KASTAMONU,DEVREKANİ
37,KARADENİZ,KASTAMONU,DOĞANYURT
37,KARADENİZ,KASTAMONU,HANÖNÜ
37,KARADENİZ,KASTAMONU,İHSANGAZİ
37,KARADENİZ,KASTAMONU,İNEBOLU
37,KARADENİZ,KASTAMONU,KÜRE
37,KARADENİZ,KASTAMONU,PINARBAŞI
37,KARADENİZ,KASTAMONU,SEYDİLER
37,KARADENİZ,KASTAMONU,ŞENPAZAR
37,KARADENİZ,KASTAMONU,TAŞKÖPRÜ
37,KARADENİZ,KASTAMONU,TOSYA
38,İÇ ANADOLU,KAYSERİ,AKKIŞLA
38,İÇ ANADOLU,KAYSERİ,BÜNYAN
38,İÇ ANADOLU,KAYSERİ,DEVELİ
38,İÇ ANADOLU,KAYSERİ,FELAHİYE
38,İÇ ANADOLU,KAYSERİ,HACILAR
38,İÇ ANADOLU,KAYSERİ,İNCESU
38,İÇ ANADOLU,KAYSERİ,KOCASİNAN
38,İÇ ANADOLU,KAYSERİ,MELİKGAZİ
38,İÇ ANADOLU,KAYSERİ,ÖZVATAN
38,İÇ ANADOLU,KAYSERİ,PINARBAŞI
38,İÇ ANADOLU,KAYSERİ,SARIOĞLAN
38,İÇ ANADOLU,KAYSERİ,SARIZ
38,İÇ ANADOLU,KAYSERİ,TALAS
38,İÇ ANADOLU,KAYSERİ,TOMARZA
38,İÇ ANADOLU,KAYSERİ,YAHYALI
38,İÇ ANADOLU,KAYSERİ,YEŞİLHİSAR
39,MARMARA,KIRKLARELİ,BABAESKİ
39,MARMARA,KIRKLARELİ,DEMİRKÖY
39,MARMARA,KIRKLARELİ,KOFÇAZ
39,MARMARA,KIRKLARELİ,LÜLEBURGAZ
39,MARMARA,KIRKLARELİ,PEHLİVANKÖY
39,MARMARA,KIRKLARELİ,PINARHİSAR
39,MARMARA,KIRKLARELİ,VİZE
40,İÇ ANADOLU,KIRŞEHİR,AKÇAKENT
40,İÇ ANADOLU,KIRŞEHİR,AKPINAR
40,İÇ ANADOLU,KIRŞEHİR,BOZTEPE
40,İÇ ANADOLU,KIRŞEHİR,ÇİÇEKDAĞI
40,İÇ ANADOLU,KIRŞEHİR,KAMAN
40,İÇ ANADOLU,KIRŞEHİR,MUCUR
41,MARMARA,KOCAELİ,BAŞİSKELE
41,MARMARA,KOCAELİ,ÇAYIROVA
41,MARMARA,KOCAELİ,DARICA
41,MARMARA,KOCAELİ,DERİNCE
41,MARMARA,KOCAELİ,DİLOVASI
41,MARMARA,KOCAELİ,GEBZE
41,MARMARA,KOCAELİ,GÖLCÜK
41,MARMARA,KOCAELİ,İZMİT
41,MARMARA,KOCAELİ,KANDIRA
41,MARMARA,KOCAELİ,KARAMÜRSEL
41,MARMARA,KOCAELİ,KARTEPE
41,MARMARA,KOCAELİ,KÖRFEZ
42,İÇ ANADOLU,KONYA,AHIRLI
42,İÇ ANADOLU,KONYA,AKÖREN
42,İÇ ANADOLU,KONYA,AKŞEHİR
42,İÇ ANADOLU,KONYA,ALTINEKİN
42,İÇ ANADOLU,KONYA,BEYŞEHİR
42,İÇ ANADOLU,KONYA,BOZKIR
42,İÇ ANADOLU,KONYA,CİHANBEYLİ
42,İÇ ANADOLU,KONYA,ÇELTİK
42,İÇ ANADOLU,KONYA,ÇUMRA
42,İÇ ANADOLU,KONYA,DERBENT
42,İÇ ANADOLU,KONYA,DEREBUCAK
42,İÇ ANADOLU,KONYA,DOĞANHİSAR
42,İÇ ANADOLU,KONYA,EMİRGAZİ
42,İÇ ANADOLU,KONYA,EREĞLİ
42,İÇ ANADOLU,KONYA,GÜNEYSINIR
42,İÇ ANADOLU,KONYA,HADİM
42,İÇ ANADOLU,KONYA,HALKAPINAR
42,İÇ ANADOLU,KONYA,HÜYÜK
42,İÇ ANADOLU,KONYA,ILGIN
42,İÇ ANADOLU,KONYA,KADINHANI
42,İÇ ANADOLU,KONYA,KARAPINAR
42,İÇ ANADOLU,KONYA,KARATAY
42,İÇ ANADOLU,KONYA,KULU
42,İÇ ANADOLU,KONYA,MERAM
42,İÇ ANADOLU,KONYA,SARAYÖNÜ
42,İÇ ANADOLU,KONYA,SELÇUKLU
42,İÇ ANADOLU,KONYA,SEYDİŞEHİR
42,İÇ ANADOLU,KONYA,TAŞKENT
42,İÇ ANADOLU,KONYA,TUZLUKÇU
42,İÇ ANADOLU,KONYA,YALIHÜYÜK
42,İÇ ANADOLU,KONYA,YUNAK
43,EGE,KÜTAHYA,ALTINTAŞ
43,EGE,KÜTAHYA,ASLANAPA
43,EGE,KÜTAHYA,ÇAVDARHİSAR
43,EGE,KÜTAHYA,DOMANİÇ
43,EGE,KÜTAHYA,DUMLUPINAR
43,EGE,KÜTAHYA,EMET
43,EGE,KÜTAHYA,GEDİZ
43,EGE,KÜTAHYA,HİSARCIK
43,EGE,KÜTAHYA,PAZARLAR
43,EGE,KÜTAHYA,SİMAV
43,EGE,KÜTAHYA,ŞAPHANE
43,EGE,KÜTAHYA,TAVŞANLI
44,DOĞU ANADOLU,MALATYA,AKÇADAĞ
44,DOĞU ANADOLU,MALATYA,ARAPGİR
44,DOĞU ANADOLU,MALATYA,ARGUVAN
44,DOĞU ANADOLU,MALATYA,BATTALGAZİ
44,DOĞU ANADOLU,MALATYA,DARENDE
44,DOĞU ANADOLU,MALATYA,DOĞANŞEHİR
44,DOĞU ANADOLU,MALATYA,DOĞANYOL
44,DOĞU ANADOLU,MALATYA,HEKİMHAN
44,DOĞU ANADOLU,MALATYA,KALE
44,DOĞU ANADOLU,MALATYA,KULUNCAK
44,DOĞU ANADOLU,MALATYA,PÜTÜRGE
44,DOĞU ANADOLU,MALATYA,YAZIHAN
44,DOĞU ANADOLU,MALATYA,YEŞİLYURT
45,EGE,MANİSA,AHMETLİ
45,EGE,MANİSA,AKHİSAR
45,EGE,MANİSA,ALAŞEHİR
45,EGE,MANİSA,DEMİRCİ
45,EGE,MANİSA,GÖLMARMARA
45,EGE,MANİSA,GÖRDES
45,EGE,MANİSA,KIRKAĞAÇ
45,EGE,MANİSA,KÖPRÜBAŞI
45,EGE,MANİSA,KULA
45,EGE,MANİSA,SALİHLİ
45,EGE,MANİSA,SARIGÖL
45,EGE,MANİSA,SARUHANLI
45,EGE,MANİSA,SELENDİ
45,EGE,MANİSA,SOMA
45,EGE,MANİSA,TURGUTLU
46,AKDENİZ,KAHRAMANMARAŞ,AFŞİN
46,AKDENİZ,KAHRAMANMARAŞ,ANDIRIN
46,AKDENİZ,KAHRAMANMARAŞ,ÇAĞLAYANCERİT
46,AKDENİZ,KAHRAMANMARAŞ,EKİNÖZÜ
46,AKDENİZ,KAHRAMANMARAŞ,ELBİSTAN
46,AKDENİZ,KAHRAMANMARAŞ,GÖKSUN
46,AKDENİZ,KAHRAMANMARAŞ,NURHAK
46,AKDENİZ,KAHRAMANMARAŞ,PAZARCIK
46,AKDENİZ,KAHRAMANMARAŞ,TÜRKOĞLU
47,GÜNEYDOĞU ANADOLU,MARDİN,DARGEÇİT
47,GÜNEYDOĞU ANADOLU,MARDİN,DERİK
47,GÜNEYDOĞU ANADOLU,MARDİN,KIZILTEPE
47,GÜNEYDOĞU ANADOLU,MARDİN,MAZIDAĞI
47,GÜNEYDOĞU ANADOLU,MARDİN,MİDYAT
47,GÜNEYDOĞU ANADOLU,MARDİN,NUSAYBİN
47,GÜNEYDOĞU ANADOLU,MARDİN,ÖMERLİ
47,GÜNEYDOĞU ANADOLU,MARDİN,SAVUR
47,GÜNEYDOĞU ANADOLU,MARDİN,YEŞİLLİ
48,EGE,MUĞLA,BODRUM
48,EGE,MUĞLA,DALAMAN
48,EGE,MUĞLA,DATÇA
48,EGE,MUĞLA,FETHİYE
48,EGE,MUĞLA,KAVAKLIDERE
48,EGE,MUĞLA,KÖYCEĞİZ
48,EGE,MUĞLA,MARMARİS
48,EGE,MUĞLA,MİLAS
48,EGE,MUĞLA,ORTACA
48,EGE,MUĞLA,ULA
48,EGE,MUĞLA,YATAĞAN
49,DOĞU ANADOLU,MUŞ,BULANIK
49,DOĞU ANADOLU,MUŞ,HASKÖY
49,DOĞU ANADOLU,MUŞ,KORKUT
49,DOĞU ANADOLU,MUŞ,MALAZGİRT
49,DOĞU ANADOLU,MUŞ,VARTO
50,İÇ ANADOLU,NEVŞEHİR,ACIGÖL
50,İÇ ANADOLU,NEVŞEHİR,AVANOS
50,İÇ ANADOLU,NEVŞEHİR,DERİNKUYU
50,İÇ ANADOLU,NEVŞEHİR,GÜLŞEHİR
50,İÇ ANADOLU,NEVŞEHİR,HACIBEKTAŞ
50,İÇ ANADOLU,NEVŞEHİR,KOZAKLI
50,İÇ ANADOLU,NEVŞEHİR,ÜRGÜP
51,İÇ ANADOLU,NİĞDE,ALTUNHİSAR
51,İÇ ANADOLU,NİĞDE,BOR
51,İÇ ANADOLU,NİĞDE,ÇAMARDI
51,İÇ ANADOLU,NİĞDE,ÇİFTLİK
51,İÇ ANADOLU,NİĞDE,ULUKIŞLA
52,KARADENİZ,ORDU,AKKUŞ
52,KARADENİZ,ORDU,AYBASTI
52,KARADENİZ,ORDU,ÇAMAŞ
52,KARADENİZ,ORDU,ÇATALPINAR
52,KARADENİZ,ORDU,ÇAYBAŞI
52,KARADENİZ,ORDU,FATSA
52,KARADENİZ,ORDU,GÖLKÖY
52,KARADENİZ,ORDU,GÜLYALI
52,KARADENİZ,ORDU,GÜRGENTEPE
52,KARADENİZ,ORDU,İKİZCE
52,KARADENİZ,ORDU,KABADÜZ
52,KARADENİZ,ORDU,KABATAŞ
52,KARADENİZ,ORDU,KORGAN
52,KARADENİZ,ORDU,KUMRU
52,KARADENİZ,ORDU,MESUDİYE
52,KARADENİZ,ORDU,PERŞEMBE
52,KARADENİZ,ORDU,ULUBEY
52,KARADENİZ,ORDU,ÜNYE
53,KARADENİZ,RİZE,ARDEŞEN
53,KARADENİZ,RİZE,ÇAMLIHEMŞİN
53,KARADENİZ,RİZE,ÇAYELİ
53,KARADENİZ,RİZE,DEREPAZARI
53,KARADENİZ,RİZE,FINDIKLI
53,KARADENİZ,RİZE,GÜNEYSU
53,KARADENİZ,RİZE,HEMŞİN
53,KARADENİZ,RİZE,İKİZDERE
53,KARADENİZ,RİZE,İYİDERE
53,KARADENİZ,RİZE,KALKANDERE
53,KARADENİZ,RİZE,PAZAR
54,MARMARA,SAKARYA,ADAPAZARI
54,MARMARA,SAKARYA,AKYAZI
54,MARMARA,SAKARYA,ARİFİYE
54,MARMARA,SAKARYA,ERENLER
54,MARMARA,SAKARYA,FERİZLİ
54,MARMARA,SAKARYA,GEYVE
54,MARMARA,SAKARYA,HENDEK
54,MARMARA,SAKARYA,KARAPÜRÇEK
54,MARMARA,SAKARYA,KARASU
54,MARMARA,SAKARYA,KAYNARCA
54,MARMARA,SAKARYA,KOCAALİ
54,MARMARA,SAKARYA,PAMUKOVA
54,MARMARA,SAKARYA,SAPANCA
54,MARMARA,SAKARYA,SERDİVAN
54,MARMARA,SAKARYA,SÖĞÜTLÜ
54,MARMARA,SAKARYA,TARAKLI
55,KARADENİZ,SAMSUN,ONDOKUZMAYIS
55,KARADENİZ,SAMSUN,ALAÇAM
55,KARADENİZ,SAMSUN,ASARCIK
55,KARADENİZ,SAMSUN,ATAKUM
55,KARADENİZ,SAMSUN,AYVACIK
55,KARADENİZ,SAMSUN,BAFRA
55,KARADENİZ,SAMSUN,CANİK
55,KARADENİZ,SAMSUN,ÇARŞAMBA
55,KARADENİZ,SAMSUN,HAVZA
55,KARADENİZ,SAMSUN,İLKADIM
55,KARADENİZ,SAMSUN,KAVAK
55,KARADENİZ,SAMSUN,LADİK
55,KARADENİZ,SAMSUN,SALIPAZARI
55,KARADENİZ,SAMSUN,TEKKEKÖY
55,KARADENİZ,SAMSUN,TERME
55,KARADENİZ,SAMSUN,VEZİRKÖPRÜ
55,KARADENİZ,SAMSUN,YAKAKENT
56,GÜNEYDOĞU ANADOLU,SİİRT,AYDINLAR
57,GÜNEYDOĞU ANADOLU,SİİRT,BAYKAN
58,GÜNEYDOĞU ANADOLU,SİİRT,ERUH
59,GÜNEYDOĞU ANADOLU,SİİRT,KURTALAN
60,GÜNEYDOĞU ANADOLU,SİİRT,PERVARİ
61,GÜNEYDOĞU ANADOLU,SİİRT,ŞİRVAN
57,KARADENİZ,SİNOP,AYANCIK
58,KARADENİZ,SİNOP,BOYABAT
59,KARADENİZ,SİNOP,DİKMEN
60,KARADENİZ,SİNOP,DURAĞAN
61,KARADENİZ,SİNOP,ERFELEK
62,KARADENİZ,SİNOP,GERZE
63,KARADENİZ,SİNOP,SARAYDÜZÜ
64,KARADENİZ,SİNOP,TÜRKELİ
58,İÇ ANADOLU,SİVAS,AKINCILAR
58,İÇ ANADOLU,SİVAS,ALTINYAYLA
58,İÇ ANADOLU,SİVAS,DİVRİĞİ
58,İÇ ANADOLU,SİVAS,DOĞANŞAR
58,İÇ ANADOLU,SİVAS,GEMEREK
58,İÇ ANADOLU,SİVAS,GÖLOVA
58,İÇ ANADOLU,SİVAS,GÜRÜN
58,İÇ ANADOLU,SİVAS,HAFİK
58,İÇ ANADOLU,SİVAS,İMRANLI
58,İÇ ANADOLU,SİVAS,KANGAL
58,İÇ ANADOLU,SİVAS,KOYULHİSAR
58,İÇ ANADOLU,SİVAS,SUŞEHRİ
58,İÇ ANADOLU,SİVAS,ŞARKIŞLA
58,İÇ ANADOLU,SİVAS,ULAŞ
58,İÇ ANADOLU,SİVAS,YILDIZELİ
58,İÇ ANADOLU,SİVAS,ZARA
59,MARMARA,TEKİRDAĞ,ÇERKEZKÖY
59,MARMARA,TEKİRDAĞ,ÇORLU
59,MARMARA,TEKİRDAĞ,HAYRABOLU
59,MARMARA,TEKİRDAĞ,MALKARA
59,MARMARA,TEKİRDAĞ,MARMARAEREĞLİSİ
59,MARMARA,TEKİRDAĞ,MURATLI
59,MARMARA,TEKİRDAĞ,SARAY
59,MARMARA,TEKİRDAĞ,ŞARKÖY
60,KARADENİZ,TOKAT,ALMUS
60,KARADENİZ,TOKAT,ARTOVA
60,KARADENİZ,TOKAT,BAŞÇİFTLİK
60,KARADENİZ,TOKAT,ERBAA
60,KARADENİZ,TOKAT,NİKSAR
60,KARADENİZ,TOKAT,PAZAR
60,KARADENİZ,TOKAT,REŞADİYE
60,KARADENİZ,TOKAT,SULUSARAY
60,KARADENİZ,TOKAT,TURHAL
60,KARADENİZ,TOKAT,YEŞİLYURT
60,KARADENİZ,TOKAT,ZİLE
61,KARADENİZ,TRABZON,AKÇAABAT
61,KARADENİZ,TRABZON,ARAKLI
61,KARADENİZ,TRABZON,ARSİN
61,KARADENİZ,TRABZON,BEŞİKDÜZÜ
61,KARADENİZ,TRABZON,ÇARŞIBAŞI
61,KARADENİZ,TRABZON,ÇAYKARA
61,KARADENİZ,TRABZON,DERNEKPAZARI
61,KARADENİZ,TRABZON,DÜZKÖY
61,KARADENİZ,TRABZON,HAYRAT
61,KARADENİZ,TRABZON,KÖPRÜBAŞI
61,KARADENİZ,TRABZON,MAÇKA
61,KARADENİZ,TRABZON,OF
61,KARADENİZ,TRABZON,SÜRMENE
61,KARADENİZ,TRABZON,ŞALPAZARI
61,KARADENİZ,TRABZON,TONYA
61,KARADENİZ,TRABZON,VAKFIKEBİR
61,KARADENİZ,TRABZON,YOMRA
62,DOĞU ANADOLU,TUNCELİ,ÇEMİŞGEZEK
62,DOĞU ANADOLU,TUNCELİ,HOZAT
62,DOĞU ANADOLU,TUNCELİ,MAZGİRT
62,DOĞU ANADOLU,TUNCELİ,NAZIMİYE
62,DOĞU ANADOLU,TUNCELİ,OVACIK
62,DOĞU ANADOLU,TUNCELİ,PERTEK
62,DOĞU ANADOLU,TUNCELİ,PÜLÜMÜR
63,GÜNEYDOĞU ANADOLU,ŞANLIURFA,AKÇAKALE
63,GÜNEYDOĞU ANADOLU,ŞANLIURFA,BİRECİK
63,GÜNEYDOĞU ANADOLU,ŞANLIURFA,BOZOVA
63,GÜNEYDOĞU ANADOLU,ŞANLIURFA,CEYLANPINAR
63,GÜNEYDOĞU ANADOLU,ŞANLIURFA,HALFETİ
63,GÜNEYDOĞU ANADOLU,ŞANLIURFA,HARRAN
63,GÜNEYDOĞU ANADOLU,ŞANLIURFA,HİLVAN
63,GÜNEYDOĞU ANADOLU,ŞANLIURFA,SİVEREK
63,GÜNEYDOĞU ANADOLU,ŞANLIURFA,SURUÇ
63,GÜNEYDOĞU ANADOLU,ŞANLIURFA,VİRANŞEHİR
64,EGE,UŞAK,BANAZ
64,EGE,UŞAK,EŞME
64,EGE,UŞAK,KARAHALLI
64,EGE,UŞAK,SİVASLI
64,EGE,UŞAK,ULUBEY
65,DOĞU ANADOLU,VAN,BAHÇESARAY
65,DOĞU ANADOLU,VAN,BAŞKALE
65,DOĞU ANADOLU,VAN,ÇALDIRAN
65,DOĞU ANADOLU,VAN,ÇATAK
65,DOĞU ANADOLU,VAN,EDREMİT
65,DOĞU ANADOLU,VAN,ERCİŞ
65,DOĞU ANADOLU,VAN,GEVAŞ
65,DOĞU ANADOLU,VAN,GÜRPINAR
65,DOĞU ANADOLU,VAN,MURADİYE
65,DOĞU ANADOLU,VAN,ÖZALP
65,DOĞU ANADOLU,VAN,SARAY
66,İÇ ANADOLU,YOZGAT,AKDAĞMADENİ
66,İÇ ANADOLU,YOZGAT,AYDINCIK
66,İÇ ANADOLU,YOZGAT,BOĞAZLIYAN
66,İÇ ANADOLU,YOZGAT,ÇANDIR
66,İÇ ANADOLU,YOZGAT,ÇAYIRALAN
66,İÇ ANADOLU,YOZGAT,ÇEKEREK
66,İÇ ANADOLU,YOZGAT,KADIŞEHRİ
66,İÇ ANADOLU,YOZGAT,SARAYKENT
66,İÇ ANADOLU,YOZGAT,SARIKAYA
66,İÇ ANADOLU,YOZGAT,SORGUN
66,İÇ ANADOLU,YOZGAT,ŞEFAATLİ
66,İÇ ANADOLU,YOZGAT,YENİFAKILI
66,İÇ ANADOLU,YOZGAT,YERKÖY
67,KARADENİZ,ZONGULDAK,ALAPLI
67,KARADENİZ,ZONGULDAK,ÇAYCUMA
67,KARADENİZ,ZONGULDAK,DEVREK
67,KARADENİZ,ZONGULDAK,EREĞLİ
67,KARADENİZ,ZONGULDAK,GÖKÇEBEY
68,İÇ ANADOLU,AKSARAY,AĞAÇÖREN
68,İÇ ANADOLU,AKSARAY,ESKİL
68,İÇ ANADOLU,AKSARAY,GÜLAĞAÇ
68,İÇ ANADOLU,AKSARAY,GÜZELYURT
68,İÇ ANADOLU,AKSARAY,ORTAKÖY
68,İÇ ANADOLU,AKSARAY,SARIYAHŞİ
69,KARADENİZ,BAYBURT,AYDINTEPE
69,KARADENİZ,BAYBURT,DEMİRÖZÜ
70,İÇ ANADOLU,KARAMAN,AYRANCI
70,İÇ ANADOLU,KARAMAN,BAŞYAYLA
70,İÇ ANADOLU,KARAMAN,ERMENEK
70,İÇ ANADOLU,KARAMAN,KAZIMKARABEKİR
70,İÇ ANADOLU,KARAMAN,SARIVELİLER
71,İÇ ANADOLU,KIRIKKALE,BAHŞİLİ
71,İÇ ANADOLU,KIRIKKALE,BALIŞEYH
71,İÇ ANADOLU,KIRIKKALE,ÇELEBİ
71,İÇ ANADOLU,KIRIKKALE,DELİCE
71,İÇ ANADOLU,KIRIKKALE,KARAKEÇİLİ
71,İÇ ANADOLU,KIRIKKALE,KESKİN
71,İÇ ANADOLU,KIRIKKALE,SULAKYURT
71,İÇ ANADOLU,KIRIKKALE,YAHŞİHAN
72,GÜNEYDOĞU ANADOLU,BATMAN,BEŞİRİ
72,GÜNEYDOĞU ANADOLU,BATMAN,GERCÜŞ
72,GÜNEYDOĞU ANADOLU,BATMAN,HASANKEYF
72,GÜNEYDOĞU ANADOLU,BATMAN,KOZLUK
72,GÜNEYDOĞU ANADOLU,BATMAN,SASON
73,GÜNEYDOĞU ANADOLU,ŞIRNAK,BEYTÜŞŞEBAP
73,GÜNEYDOĞU ANADOLU,ŞIRNAK,CİZRE
73,GÜNEYDOĞU ANADOLU,ŞIRNAK,GÜÇLÜKONAK
73,GÜNEYDOĞU ANADOLU,ŞIRNAK,İDİL
73,GÜNEYDOĞU ANADOLU,ŞIRNAK,SİLOPİ
73,GÜNEYDOĞU ANADOLU,ŞIRNAK,ULUDERE
74,KARADENİZ,BARTIN,AMASRA
74,KARADENİZ,BARTIN,KURUCAŞİLE
74,KARADENİZ,BARTIN,ULUS
75,DOĞU ANADOLU,ARDAHAN,ÇILDIR
75,DOĞU ANADOLU,ARDAHAN,DAMAL
75,DOĞU ANADOLU,ARDAHAN,GÖLE
75,DOĞU ANADOLU,ARDAHAN,HANAK
75,DOĞU ANADOLU,ARDAHAN,POSOF
76,DOĞU ANADOLU,IĞDIR,ARALIK
76,DOĞU ANADOLU,IĞDIR,KARAKOYUNLU
76,DOĞU ANADOLU,IĞDIR,TUZLUCA
77,MARMARA,YALOVA,ALTINOVA
77,MARMARA,YALOVA,ARMUTLU
77,MARMARA,YALOVA,ÇINARCIK
77,MARMARA,YALOVA,ÇİFTLİKKÖY
77,MARMARA,YALOVA,TERMAL
78,KARADENİZ,KARABÜK,EFLANİ
78,KARADENİZ,KARABÜK,ESKİPAZAR
78,KARADENİZ,KARABÜK,OVACIK
78,KARADENİZ,KARABÜK,SAFRANBOLU
78,KARADENİZ,KARABÜK,YENİCE
79,GÜNEYDOĞU ANADOLU,KİLİS,ELBEYLİ
79,GÜNEYDOĞU ANADOLU,KİLİS,MUSABEYLİ
79,GÜNEYDOĞU ANADOLU,KİLİS,POLATELİ
80,AKDENİZ,OSMANİYE,BAHÇE
80,AKDENİZ,OSMANİYE,DÜZİÇİ
80,AKDENİZ,OSMANİYE,HASANBEYLİ
80,AKDENİZ,OSMANİYE,KADİRLİ
80,AKDENİZ,OSMANİYE,SUMBAS
80,AKDENİZ,OSMANİYE,TOPRAKKALE
81,KARADENİZ,DÜZCE,AKÇAKOCA
81,KARADENİZ,DÜZCE,CUMAYERİ
81,KARADENİZ,DÜZCE,ÇİLİMLİ
81,KARADENİZ,DÜZCE,GÖLYAKA
81,KARADENİZ,DÜZCE,GÜMÜŞOVA
81,KARADENİZ,DÜZCE,KAYNAŞLI
81,KARADENİZ,DÜZCE,YIĞILCA
9,EGE,AYDIN,EFELER
10,MARMARA,BALIKESİR,KARESİ
10,MARMARA,BALIKESİR,ALTIEYLÜL
20,EGE,DENİZLİ,MERKEZEFENDİ
31,AKDENİZ,HATAY,ANTAKYA
31,AKDENİZ,HATAY,DEFNE
31,AKDENİZ,HATAY,ARSUZ
31,AKDENİZ,HATAY,PAYAS
45,EGE,MANİSA,ŞEHZADELER
45,EGE,MANİSA,YUNUSEMRE
46,AKDENİZ,KAHRAMANMARAŞ,DULKADİROĞLU
46,AKDENİZ,KAHRAMANMARAŞ,ONİKİŞUBAT
47,GÜNEYDOĞU ANADOLU,MARDİN,ARTUKLU
48,EGE,MUĞLA,MENTEŞE
48,EGE,MUĞLA,SEYDİKEMER
59,MARMARA,TEKİRDAĞ,SÜLEYMANPAŞA
59,MARMARA,TEKİRDAĞ,KAPAKLI
59,MARMARA,TEKİRDAĞ,ERGENE
61,KARADENİZ,TRABZON,ORTAHİSAR
63,GÜNEYDOĞU ANADOLU,ŞANLIURFA,EYYÜBİYE
63,GÜNEYDOĞU ANADOLU,ŞANLURFA,HALİLİYE
63,GÜNEYDOĞU ANADOLU,ŞANLIURFA,KARAKÖPRÜ
65,DOĞU ANADOLU,VAN,TUŞBA
65,DOĞU ANADOLU,VAN,İPEKYOLU
67,KARADENİZ,ZONGULDAK,KİLİMLİ
